"Title","First Name","Last Name","Email","Street","Area","City","Zip","State","Country","Company Name"
"Miss.","bharti","ladumor","bharti@gmail.com","aa","near aa","surat","395006","gujarat","india"
"Miss.","bharti","ladumor","bharti@gmail.com","aa","near aa","surat","395006","gujarat","india"
"Miss.","heena","donda","heena@gmail.com","aa","near aa","surat","395006","gujarat","india"
"Miss.","heena","donda","heena@gmail.com","aa","near aa","surat","395006","gujarat","india"
"Miss.","priyesha","gajera","priyesha@gmail.com","aa","near aa","surat","395006","gujarat","india"
"Miss.","priyesha","gajera","priyesha@gmail.com","aa","near aa","surat","395006","gujarat","india"
"Miss.","test","test","test@gmail.com","saa","snear aa","surat","395006","gujarat","india"
"Miss.","test","test","test@gmail.com","faa","fnear aa","surat","395006","gujarat","india"
"Miss.","bhumi","gangani","bhumi@gmail.com","aa","near aa","surat","395006","gujarat","india"
